epoch,accuracy,loss
0,0.5287253260612488,0.6776874661445618
1,0.655969500541687,0.6367248892784119
