epoch,accuracy,loss,val_accuracy,val_loss
0,0.6818647980690002,0.5863193273544312,0.7811630368232727,0.4894850254058838
1,0.7978100180625916,0.4562407433986664,0.8053317666053772,0.45196086168289185
2,0.8282794952392578,0.400669127702713,0.8142668604850769,0.4403717815876007
3,0.8407309651374817,0.378204345703125,0.7900981307029724,0.4754873812198639
4,0.8551966547966003,0.3526696264743805,0.8114838004112244,0.4496591091156006
5,0.8737273812294006,0.3184659481048584,0.8092866539955139,0.4573970139026642
6,0.8828462362289429,0.29941391944885254,0.8072359561920166,0.4749443233013153
7,0.8886691331863403,0.2873450815677643,0.8057712316513062,0.48091933131217957
8,0.8943089246749878,0.2774348556995392,0.8026951551437378,0.49631693959236145
