epoch,accuracy,loss,val_accuracy,val_loss
0,0.6821577548980713,0.5843959450721741,0.7861432433128357,0.4843791425228119
