epoch,accuracy,loss,val_accuracy,val_loss
0,0.5145118832588196,0.6882573962211609,0.5620052814483643,0.6859940886497498
1,0.5098944306373596,0.6737077236175537,0.5620052814483643,0.6898303627967834
2,0.5620052814483643,0.6607587337493896,0.5804749131202698,0.7048146724700928
3,0.6451187133789062,0.651853084564209,0.5646438002586365,0.6964737772941589
4,0.6800791621208191,0.6343927979469299,0.5540897250175476,0.6883081197738647
