epoch,accuracy,loss,val_accuracy,val_loss
0,0.5538057684898376,0.6916093230247498,0.5078533887863159,0.690219521522522
1,0.5170603394508362,0.6867656707763672,0.5078533887863159,0.6865929961204529
2,0.5170603394508362,0.6806724071502686,0.5078533887863159,0.6829549670219421
3,0.5170603394508362,0.6703358888626099,0.5078533887863159,0.6816179156303406
4,0.5196850299835205,0.6623246669769287,0.5026177763938904,0.6869679689407349
5,0.5341207385063171,0.6573503017425537,0.5654450058937073,0.6902726888656616
6,0.5971128344535828,0.6519989967346191,0.554973840713501,0.6839419007301331
