epoch,accuracy,loss,val_accuracy,val_loss
0,0.5177289247512817,0.6825776100158691,0.5403949618339539,0.6764208078384399
1,0.614676833152771,0.6645277142524719,0.6561939120292664,0.649170994758606
