epoch,accuracy,loss,val_accuracy,val_loss
0,0.6867355108261108,0.5890588164329529,0.7855573296546936,0.49764832854270935
