epoch,accuracy,loss,val_accuracy,val_loss
0,0.6794477701187134,0.5871994495391846,0.7845320105552673,0.4938911199569702
